<?xml version="1.0" encoding="UTF-8"?>
<project-private xmlns="http://www.netbeans.org/ns/project-private/1">
    <editor-bookmarks xmlns="http://www.netbeans.org/ns/editor-bookmarks/2" lastBookmarkId="0"/>
    <open-files xmlns="http://www.netbeans.org/ns/projectui-open-files/2">
        <group>
            <file>file:/C:/Users/s542407/Documents/NetBeansProjects/Dommati_Lab07Enums/src/pizzas/Sides.java</file>
            <file>file:/C:/Users/s542407/Documents/NetBeansProjects/Dommati_Lab07Enums/src/pizzas/Desserts.java</file>
            <file>file:/C:/Users/s542407/Documents/NetBeansProjects/Dommati_Lab07Enums/src/pizzas/Order.java</file>
            <file>file:/C:/Users/s542407/Documents/NetBeansProjects/Dommati_Lab07Enums/src/pizzas/Days.java</file>
            <file>file:/C:/Users/s542407/Documents/NetBeansProjects/Dommati_Lab07Enums/src/pizzas/OrdersSummary.java</file>
            <file>file:/C:/Users/s542407/Documents/NetBeansProjects/Dommati_Lab07Enums/src/pizzas/Drinks.java</file>
            <file>file:/C:/Users/s542407/Documents/NetBeansProjects/Dommati_Lab07Enums/src/pizzas/Sauces.java</file>
            <file>file:/C:/Users/s542407/Documents/NetBeansProjects/Dommati_Lab07Enums/src/pizzas/PizzaTypes.java</file>
            <file>file:/C:/Users/s542407/Documents/NetBeansProjects/Dommati_Lab07Enums/src/pizzas/OrdersDriver.java</file>
        </group>
    </open-files>
</project-private>
