<?xml version="1.0" encoding="UTF-8"?>
<project-private xmlns="http://www.netbeans.org/ns/project-private/1">
    <editor-bookmarks xmlns="http://www.netbeans.org/ns/editor-bookmarks/2" lastBookmarkId="0"/>
    <open-files xmlns="http://www.netbeans.org/ns/projectui-open-files/2">
        <group>
            <file>file:/C:/Users/s542407/Documents/NetBeansProjects/Dommati_Lab09InterfacesAndAbstractClasses/src/payments/PostpaidService.java</file>
            <file>file:/C:/Users/s542407/Documents/NetBeansProjects/Dommati_Lab09InterfacesAndAbstractClasses/src/accounts/ConnectionAccount.java</file>
            <file>file:/C:/Users/s542407/Documents/NetBeansProjects/Dommati_Lab09InterfacesAndAbstractClasses/src/payments/PrepaidService.java</file>
            <file>file:/C:/Users/s542407/Documents/NetBeansProjects/Dommati_Lab09InterfacesAndAbstractClasses/src/payments/TelecommDriver.java</file>
            <file>file:/C:/Users/s542407/Documents/NetBeansProjects/Dommati_Lab09InterfacesAndAbstractClasses/src/rates/Tarrif.java</file>
            <file>file:/C:/Users/s542407/Documents/NetBeansProjects/Dommati_Lab09InterfacesAndAbstractClasses/src/rates/PostpaidDiscounts.java</file>
            <file>file:/C:/Users/s542407/Documents/NetBeansProjects/Dommati_Lab09InterfacesAndAbstractClasses/src/payments/Billing.java</file>
            <file>file:/C:/Users/s542407/Documents/NetBeansProjects/Dommati_Lab09InterfacesAndAbstractClasses/src/payments/Call.java</file>
            <file>file:/C:/Users/s542407/Documents/NetBeansProjects/Dommati_Lab09InterfacesAndAbstractClasses/src/payments/MobileService.java</file>
            <file>file:/C:/Users/s542407/Documents/NetBeansProjects/Dommati_Lab09InterfacesAndAbstractClasses/src/payments/Operations.java</file>
        </group>
    </open-files>
</project-private>
